tar_name,point,lat,lon,father_id,ammo,heading
דג1,סנפיר,32.0727,34.785241,פצוץ,חצים,
דג1,ראש,32.0757,34.780241,פצוץ,חצים,12
קרנף1,רגל,32.0837,34.795531,קמעה,אקדח,
קרטל1,סם,31.0727,33.785241,חרטא,כימי,46
אבי1,יד,31.0757,33.780241,גםחרטא,מכות,
אבי1,פנים,31.0837,33.795531,גםחרטא,מכות,290
פיל1,חדק,30.0727,32.785241,לוד,לום,
צב1,שיריון,30.0757,32.780241,אספרסו,מקלדת,65
צב1,ראש,30.0837,32.795531,אספרסו,מקלדת,160
קפה1,ספל,29.0727,36.785241,וואו,משהו כבד,
שלומציון1,מלמטה,29.0757,36.780241,קרן אור,כוסות פלסטיק,127
שלומציון1,מלמעלה,29.0837,36.795531,קרן אור,כוסות פלסטיק,
ליצן1,מלמעלה,38.0837,35.795531,ניו יורק,מקרויאל,330
דג2,סנפיר,32.0727,34.785241,פצוץ,חצים,
דג2,ראש,32.0757,34.780241,פצוץ,חצים,12
קרנף2,רגל,32.0837,34.795531,קמעה,אקדח,
קרטל2,סם,31.0727,33.785241,חרטא,כימי,46
אבי2,יד,31.0757,33.780241,גםחרטא,מכות,
אבי2,פנים,31.0837,33.795531,גםחרטא,מכות,290
פיל2,חדק,30.0727,32.785241,לוד,לום,
צב2,שיריון,30.0757,32.780241,אספרסו,מקלדת,65
צב2,ראש,30.0837,32.795531,אספרסו,מקלדת,160
קפה2,ספל,29.0727,36.785241,וואו,משהו כבד,
שלומציון2,מלמטה,29.0757,36.780241,קרן אור,כוסות פלסטיק,127
שלומציון2,מלמעלה,29.0837,36.795531,קרן אור,כוסות פלסטיק,
ליצן2,מלמעלה,38.0837,35.795531,ניו יורק,מקרויאל,330
דג3,סנפיר,32.0727,34.785241,פצוץ,חצים,
דג3,ראש,32.0757,34.780241,פצוץ,חצים,12
קרנף3,רגל,32.0837,34.795531,קמעה,אקדח,
קרטל3,סם,31.0727,33.785241,חרטא,כימי,46
אבי3,יד,31.0757,33.780241,גםחרטא,מכות,
אבי3,פנים,31.0837,33.795531,גםחרטא,מכות,290
פיל3,חדק,30.0727,32.785241,לוד,לום,
צב3,שיריון,30.0757,32.780241,אספרסו,מקלדת,65
צב3,ראש,30.0837,32.795531,אספרסו,מקלדת,160
קפה3,ספל,29.0727,36.785241,וואו,משהו כבד,
שלומציון3,מלמטה,29.0757,36.780241,קרן אור,כוסות פלסטיק,127
שלומציון3,מלמעלה,29.0837,36.795531,קרן אור,כוסות פלסטיק,
ליצן3,מלמעלה,38.0837,35.795531,ניו יורק,מקרויאל,330
דג4,סנפיר,32.0727,34.785241,פצוץ,חצים,
דג4,ראש,32.0757,34.780241,פצוץ,חצים,12
קרנף4,רגל,32.0837,34.795531,קמעה,אקדח,
קרטל4,סם,31.0727,33.785241,חרטא,כימי,46
אבי4,יד,31.0757,33.780241,גםחרטא,מכות,
אבי4,פנים,31.0837,33.795531,גםחרטא,מכות,290
פיל4,חדק,30.0727,32.785241,לוד,לום,
צב4,שיריון,30.0757,32.780241,אספרסו,מקלדת,65
צב4,ראש,30.0837,32.795531,אספרסו,מקלדת,160
קפה4,ספל,29.0727,36.785241,וואו,משהו כבד,
שלומציון4,מלמטה,29.0757,36.780241,קרן אור,כוסות פלסטיק,127
שלומציון4,מלמעלה,29.0837,36.795531,קרן אור,כוסות פלסטיק,
ליצן4,מלמעלה,38.0837,35.795531,ניו יורק,מקרויאל,330
דג5,סנפיר,32.0727,34.785241,פצוץ,חצים,
דג5,ראש,32.0757,34.780241,פצוץ,חצים,12
קרנף5,רגל,32.0837,34.795531,קמעה,אקדח,
קרטל5,סם,31.0727,33.785241,חרטא,כימי,46
אבי5,יד,31.0757,33.780241,גםחרטא,מכות,
אבי5,פנים,31.0837,33.795531,גםחרטא,מכות,290
פיל5,חדק,30.0727,32.785241,לוד,לום,
צב5,שיריון,30.0757,32.780241,אספרסו,מקלדת,65
צב5,ראש,30.0837,32.795531,אספרסו,מקלדת,160
קפה5,ספל,29.0727,36.785241,וואו,משהו כבד,
שלומציון5,מלמטה,29.0757,36.780241,קרן אור,כוסות פלסטיק,127
שלומציון5,מלמעלה,29.0837,36.795531,קרן אור,כוסות פלסטיק,
ליצן5,מלמעלה,38.0837,35.795531,ניו יורק,מקרויאל,330
דג6,סנפיר,32.0727,34.785241,פצוץ,חצים,
דג6,ראש,32.0757,34.780241,פצוץ,חצים,12
קרנף6,רגל,32.0837,34.795531,קמעה,אקדח,
קרטל6,סם,31.0727,33.785241,חרטא,כימי,46
אבי6,יד,31.0757,33.780241,גםחרטא,מכות,
אבי6,פנים,31.0837,33.795531,גםחרטא,מכות,290
פיל6,חדק,30.0727,32.785241,לוד,לום,
צב6,שיריון,30.0757,32.780241,אספרסו,מקלדת,65
צב6,ראש,30.0837,32.795531,אספרסו,מקלדת,160
קפה6,ספל,29.0727,36.785241,וואו,משהו כבד,
שלומציון6,מלמטה,29.0757,36.780241,קרן אור,כוסות פלסטיק,127
שלומציון6,מלמעלה,29.0837,36.795531,קרן אור,כוסות פלסטיק,
ליצן6,מלמעלה,38.0837,35.795531,ניו יורק,מקרויאל,330
דג7,סנפיר,32.0727,34.785241,פצוץ,חצים,
דג7,ראש,32.0757,34.780241,פצוץ,חצים,12
קרנף7,רגל,32.0837,34.795531,קמעה,אקדח,
קרטל7,סם,31.0727,33.785241,חרטא,כימי,46
אבי7,יד,31.0757,33.780241,גםחרטא,מכות,
אבי7,פנים,31.0837,33.795531,גםחרטא,מכות,290
פיל7,חדק,30.0727,32.785241,לוד,לום,
צב7,שיריון,30.0757,32.780241,אספרסו,מקלדת,65
צב7,ראש,30.0837,32.795531,אספרסו,מקלדת,160
קפה7,ספל,29.0727,36.785241,וואו,משהו כבד,
שלומציון7,מלמטה,29.0757,36.780241,קרן אור,כוסות פלסטיק,127
שלומציון7,מלמעלה,29.0837,36.795531,קרן אור,כוסות פלסטיק,
ליצן7,מלמעלה,38.0837,35.795531,ניו יורק,מקרויאל,330
דג8,סנפיר,32.0727,34.785241,פצוץ,חצים,
דג8,ראש,32.0757,34.780241,פצוץ,חצים,12
קרנף8,רגל,32.0837,34.795531,קמעה,אקדח,
קרטל8,סם,31.0727,33.785241,חרטא,כימי,46
אבי8,יד,31.0757,33.780241,גםחרטא,מכות,
אבי8,פנים,31.0837,33.795531,גםחרטא,מכות,290
פיל8,חדק,30.0727,32.785241,לוד,לום,
צב8,שיריון,30.0757,32.780241,אספרסו,מקלדת,65
צב8,ראש,30.0837,32.795531,אספרסו,מקלדת,160
קפה8,ספל,29.0727,36.785241,וואו,משהו כבד,
שלומציון8,מלמטה,29.0757,36.780241,קרן אור,כוסות פלסטיק,127
שלומציון8,מלמעלה,29.0837,36.795531,קרן אור,כוסות פלסטיק,
ליצן8,מלמעלה,38.0837,35.795531,ניו יורק,מקרויאל,330
דג9,סנפיר,32.0727,34.785241,פצוץ,חצים,
דג9,ראש,32.0757,34.780241,פצוץ,חצים,12
קרנף9,רגל,32.0837,34.795531,קמעה,אקדח,
קרטל9,סם,31.0727,33.785241,חרטא,כימי,46
אבי9,יד,31.0757,33.780241,גםחרטא,מכות,
אבי9,פנים,31.0837,33.795531,גםחרטא,מכות,290
פיל9,חדק,30.0727,32.785241,לוד,לום,
צב9,שיריון,30.0757,32.780241,אספרסו,מקלדת,65
צב9,ראש,30.0837,32.795531,אספרסו,מקלדת,160
קפה9,ספל,29.0727,36.785241,וואו,משהו כבד,
שלומציון9,מלמטה,29.0757,36.780241,קרן אור,כוסות פלסטיק,127
שלומציון9,מלמעלה,29.0837,36.795531,קרן אור,כוסות פלסטיק,
ליצן9,מלמעלה,38.0837,35.795531,ניו יורק,מקרויאל,330
דג10,סנפיר,32.0727,34.785241,פצוץ,חצים,
דג10,ראש,32.0757,34.780241,פצוץ,חצים,12
קרנף10,רגל,32.0837,34.795531,קמעה,אקדח,
קרטל10,סם,31.0727,33.785241,חרטא,כימי,46
אבי10,יד,31.0757,33.780241,גםחרטא,מכות,
אבי10,פנים,31.0837,33.795531,גםחרטא,מכות,290
פיל10,חדק,30.0727,32.785241,לוד,לום,
צב10,שיריון,30.0757,32.780241,אספרסו,מקלדת,65
צב10,ראש,30.0837,32.795531,אספרסו,מקלדת,160
קפה10,ספל,29.0727,36.785241,וואו,משהו כבד,
שלומציון10,מלמטה,29.0757,36.780241,קרן אור,כוסות פלסטיק,127
שלומציון10,מלמעלה,29.0837,36.795531,קרן אור,כוסות פלסטיק,
ליצן10,מלמעלה,38.0837,35.795531,ניו יורק,מקרויאל,330
דג11,סנפיר,32.0727,34.785241,פצוץ,חצים,
דג11,ראש,32.0757,34.780241,פצוץ,חצים,12
קרנף11,רגל,32.0837,34.795531,קמעה,אקדח,
קרטל11,סם,31.0727,33.785241,חרטא,כימי,46
אבי11,יד,31.0757,33.780241,גםחרטא,מכות,
אבי11,פנים,31.0837,33.795531,גםחרטא,מכות,290
פיל11,חדק,30.0727,32.785241,לוד,לום,
צב11,שיריון,30.0757,32.780241,אספרסו,מקלדת,65
צב11,ראש,30.0837,32.795531,אספרסו,מקלדת,160
קפה11,ספל,29.0727,36.785241,וואו,משהו כבד,
שלומציון11,מלמטה,29.0757,36.780241,קרן אור,כוסות פלסטיק,127
שלומציון11,מלמעלה,29.0837,36.795531,קרן אור,כוסות פלסטיק,
ליצן11,מלמעלה,38.0837,35.795531,ניו יורק,מקרויאל,330
דג12,סנפיר,32.0727,34.785241,פצוץ,חצים,
דג12,ראש,32.0757,34.780241,פצוץ,חצים,12
קרנף12,רגל,32.0837,34.795531,קמעה,אקדח,
קרטל12,סם,31.0727,33.785241,חרטא,כימי,46
אבי12,יד,31.0757,33.780241,גםחרטא,מכות,
אבי12,פנים,31.0837,33.795531,גםחרטא,מכות,290
פיל12,חדק,30.0727,32.785241,לוד,לום,
צב12,שיריון,30.0757,32.780241,אספרסו,מקלדת,65
צב12,ראש,30.0837,32.795531,אספרסו,מקלדת,160
קפה12,ספל,29.0727,36.785241,וואו,משהו כבד,
שלומציון12,מלמטה,29.0757,36.780241,קרן אור,כוסות פלסטיק,127
שלומציון12,מלמעלה,29.0837,36.795531,קרן אור,כוסות פלסטיק,
ליצן12,מלמעלה,38.0837,35.795531,ניו יורק,מקרויאל,330
דג13,סנפיר,32.0727,34.785241,פצוץ,חצים,
דג13,ראש,32.0757,34.780241,פצוץ,חצים,12
קרנף13,רגל,32.0837,34.795531,קמעה,אקדח,
קרטל13,סם,31.0727,33.785241,חרטא,כימי,46
אבי13,יד,31.0757,33.780241,גםחרטא,מכות,
אבי13,פנים,31.0837,33.795531,גםחרטא,מכות,290
פיל13,חדק,30.0727,32.785241,לוד,לום,
צב13,שיריון,30.0757,32.780241,אספרסו,מקלדת,65
צב13,ראש,30.0837,32.795531,אספרסו,מקלדת,160
קפה13,ספל,29.0727,36.785241,וואו,משהו כבד,
שלומציון13,מלמטה,29.0757,36.780241,קרן אור,כוסות פלסטיק,127
שלומציון13,מלמעלה,29.0837,36.795531,קרן אור,כוסות פלסטיק,
ליצן13,מלמעלה,38.0837,35.795531,ניו יורק,מקרויאל,330
דג14,סנפיר,32.0727,34.785241,פצוץ,חצים,
דג14,ראש,32.0757,34.780241,פצוץ,חצים,12
קרנף14,רגל,32.0837,34.795531,קמעה,אקדח,
קרטל14,סם,31.0727,33.785241,חרטא,כימי,46
אבי14,יד,31.0757,33.780241,גםחרטא,מכות,
אבי14,פנים,31.0837,33.795531,גםחרטא,מכות,290
פיל14,חדק,30.0727,32.785241,לוד,לום,
צב14,שיריון,30.0757,32.780241,אספרסו,מקלדת,65
צב14,ראש,30.0837,32.795531,אספרסו,מקלדת,160
קפה14,ספל,29.0727,36.785241,וואו,משהו כבד,
שלומציון14,מלמטה,29.0757,36.780241,קרן אור,כוסות פלסטיק,127
שלומציון14,מלמעלה,29.0837,36.795531,קרן אור,כוסות פלסטיק,
ליצן14,מלמעלה,38.0837,35.795531,ניו יורק,מקרויאל,330
דג15,סנפיר,32.0727,34.785241,פצוץ,חצים,
דג15,ראש,32.0757,34.780241,פצוץ,חצים,12
קרנף15,רגל,32.0837,34.795531,קמעה,אקדח,
קרטל15,סם,31.0727,33.785241,חרטא,כימי,46
אבי15,יד,31.0757,33.780241,גםחרטא,מכות,
אבי15,פנים,31.0837,33.795531,גםחרטא,מכות,290
פיל15,חדק,30.0727,32.785241,לוד,לום,
צב15,שיריון,30.0757,32.780241,אספרסו,מקלדת,65
צב15,ראש,30.0837,32.795531,אספרסו,מקלדת,160
קפה15,ספל,29.0727,36.785241,וואו,משהו כבד,
שלומציון15,מלמטה,29.0757,36.780241,קרן אור,כוסות פלסטיק,127
שלומציון15,מלמעלה,29.0837,36.795531,קרן אור,כוסות פלסטיק,
ליצן15,מלמעלה,38.0837,35.795531,ניו יורק,מקרויאל,330
דג16,סנפיר,32.0727,34.785241,פצוץ,חצים,
דג16,ראש,32.0757,34.780241,פצוץ,חצים,12
קרנף16,רגל,32.0837,34.795531,קמעה,אקדח,
קרטל16,סם,31.0727,33.785241,חרטא,כימי,46
אבי16,יד,31.0757,33.780241,גםחרטא,מכות,
אבי16,פנים,31.0837,33.795531,גםחרטא,מכות,290
פיל16,חדק,30.0727,32.785241,לוד,לום,
צב16,שיריון,30.0757,32.780241,אספרסו,מקלדת,65
צב16,ראש,30.0837,32.795531,אספרסו,מקלדת,160
קפה16,ספל,29.0727,36.785241,וואו,משהו כבד,
שלומציון16,מלמטה,29.0757,36.780241,קרן אור,כוסות פלסטיק,127
שלומציון16,מלמעלה,29.0837,36.795531,קרן אור,כוסות פלסטיק,
ליצן16,מלמעלה,38.0837,35.795531,ניו יורק,מקרויאל,330
דג17,סנפיר,32.0727,34.785241,פצוץ,חצים,
דג17,ראש,32.0757,34.780241,פצוץ,חצים,12
קרנף17,רגל,32.0837,34.795531,קמעה,אקדח,
קרטל17,סם,31.0727,33.785241,חרטא,כימי,46
אבי17,יד,31.0757,33.780241,גםחרטא,מכות,
אבי17,פנים,31.0837,33.795531,גםחרטא,מכות,290
פיל17,חדק,30.0727,32.785241,לוד,לום,
צב17,שיריון,30.0757,32.780241,אספרסו,מקלדת,65
צב17,ראש,30.0837,32.795531,אספרסו,מקלדת,160
קפה17,ספל,29.0727,36.785241,וואו,משהו כבד,
שלומציון17,מלמטה,29.0757,36.780241,קרן אור,כוסות פלסטיק,127
שלומציון17,מלמעלה,29.0837,36.795531,קרן אור,כוסות פלסטיק,
ליצן17,מלמעלה,38.0837,35.795531,ניו יורק,מקרויאל,330
דג18,סנפיר,32.0727,34.785241,פצוץ,חצים,
דג18,ראש,32.0757,34.780241,פצוץ,חצים,12
קרנף18,רגל,32.0837,34.795531,קמעה,אקדח,
קרטל18,סם,31.0727,33.785241,חרטא,כימי,46
אבי18,יד,31.0757,33.780241,גםחרטא,מכות,
אבי18,פנים,31.0837,33.795531,גםחרטא,מכות,290
פיל18,חדק,30.0727,32.785241,לוד,לום,
צב18,שיריון,30.0757,32.780241,אספרסו,מקלדת,65
צב18,ראש,30.0837,32.795531,אספרסו,מקלדת,160
קפה18,ספל,29.0727,36.785241,וואו,משהו כבד,
שלומציון18,מלמטה,29.0757,36.780241,קרן אור,כוסות פלסטיק,127
שלומציון18,מלמעלה,29.0837,36.795531,קרן אור,כוסות פלסטיק,
ליצן18,מלמעלה,38.0837,35.795531,ניו יורק,מקרויאל,330
דג19,סנפיר,32.0727,34.785241,פצוץ,חצים,
דג19,ראש,32.0757,34.780241,פצוץ,חצים,12
קרנף19,רגל,32.0837,34.795531,קמעה,אקדח,
קרטל19,סם,31.0727,33.785241,חרטא,כימי,46
אבי19,יד,31.0757,33.780241,גםחרטא,מכות,
אבי19,פנים,31.0837,33.795531,גםחרטא,מכות,290
פיל19,חדק,30.0727,32.785241,לוד,לום,
צב19,שיריון,30.0757,32.780241,אספרסו,מקלדת,65
צב19,ראש,30.0837,32.795531,אספרסו,מקלדת,160
קפה19,ספל,29.0727,36.785241,וואו,משהו כבד,
שלומציון19,מלמטה,29.0757,36.780241,קרן אור,כוסות פלסטיק,127
שלומציון19,מלמעלה,29.0837,36.795531,קרן אור,כוסות פלסטיק,
ליצן19,מלמעלה,38.0837,35.795531,ניו יורק,מקרויאל,330
דג19,סנפיר,32.0727,34.785241,פצוץ,חצים,
דג19,ראש,32.0757,34.780241,פצוץ,חצים,12
קרנף19,רגל,32.0837,34.795531,קמעה,אקדח,
קרטל19,סם,31.0727,33.785241,חרטא,כימי,46
אבי19,יד,31.0757,33.780241,גםחרטא,מכות,
אבי19,פנים,31.0837,33.795531,גםחרטא,מכות,290
פיל19,חדק,30.0727,32.785241,לוד,לום,
צב19,שיריון,30.0757,32.780241,אספרסו,מקלדת,65
צב19,ראש,30.0837,32.795531,אספרסו,מקלדת,160
קפה19,ספל,29.0727,36.785241,וואו,משהו כבד,
שלומציון19,מלמטה,29.0757,36.780241,קרן אור,כוסות פלסטיק,127
שלומציון19,מלמעלה,29.0837,36.795531,קרן אור,כוסות פלסטיק,
ליצן19,מלמעלה,38.0837,35.795531,ניו יורק,מקרויאל,330
דג20,סנפיר,32.0727,34.785241,פצוץ,חצים,
דג20,ראש,32.0757,34.780241,פצוץ,חצים,12
קרנף20,רגל,32.0837,34.795531,קמעה,אקדח,
קרטל20,סם,31.0727,33.785241,חרטא,כימי,46
אבי20,יד,31.0757,33.780241,גםחרטא,מכות,
אבי20,פנים,31.0837,33.795531,גםחרטא,מכות,290
פיל20,חדק,30.0727,32.785241,לוד,לום,
צב20,שיריון,30.0757,32.780241,אספרסו,מקלדת,65
צב20,ראש,30.0837,32.795531,אספרסו,מקלדת,160
קפה20,ספל,29.0727,36.785241,וואו,משהו כבד,
שלומציון20,מלמטה,29.0757,36.780241,קרן אור,כוסות פלסטיק,127
שלומציון20,מלמעלה,29.0837,36.795531,קרן אור,כוסות פלסטיק,
ליצן20,מלמעלה,38.0837,35.795531,ניו יורק,מקרויאל,330
דג21,סנפיר,32.0727,34.785241,פצוץ,חצים,
דג21,ראש,32.0757,34.780241,פצוץ,חצים,12
קרנף21,רגל,32.0837,34.795531,קמעה,אקדח,
קרטל21,סם,31.0727,33.785241,חרטא,כימי,46
אבי21,יד,31.0757,33.780241,גםחרטא,מכות,
אבי21,פנים,31.0837,33.795531,גםחרטא,מכות,290
פיל21,חדק,30.0727,32.785241,לוד,לום,
צב21,שיריון,30.0757,32.780241,אספרסו,מקלדת,65
צב21,ראש,30.0837,32.795531,אספרסו,מקלדת,160
קפה21,ספל,29.0727,36.785241,וואו,משהו כבד,
שלומציון21,מלמטה,29.0757,36.780241,קרן אור,כוסות פלסטיק,127
שלומציון21,מלמעלה,29.0837,36.795531,קרן אור,כוסות פלסטיק,
ליצן21,מלמעלה,38.0837,35.795531,ניו יורק,מקרויאל,330
דג22,סנפיר,32.0727,34.785241,פצוץ,חצים,
דג22,ראש,32.0757,34.780241,פצוץ,חצים,12
קרנף22,רגל,32.0837,34.795531,קמעה,אקדח,
קרטל22,סם,31.0727,33.785241,חרטא,כימי,46
אבי22,יד,31.0757,33.780241,גםחרטא,מכות,
אבי22,פנים,31.0837,33.795531,גםחרטא,מכות,290
פיל22,חדק,30.0727,32.785241,לוד,לום,
צב22,שיריון,30.0757,32.780241,אספרסו,מקלדת,65
צב22,ראש,30.0837,32.795531,אספרסו,מקלדת,160
קפה22,ספל,29.0727,36.785241,וואו,משהו כבד,
שלומציון22,מלמטה,29.0757,36.780241,קרן אור,כוסות פלסטיק,127
שלומציון22,מלמעלה,29.0837,36.795531,קרן אור,כוסות פלסטיק,
ליצן22,מלמעלה,38.0837,35.795531,ניו יורק,מקרויאל,330
דג23,סנפיר,32.0727,34.785241,פצוץ,חצים,
דג23,ראש,32.0757,34.780241,פצוץ,חצים,12
קרנף23,רגל,32.0837,34.795531,קמעה,אקדח,
קרטל23,סם,31.0727,33.785241,חרטא,כימי,46
אבי23,יד,31.0757,33.780241,גםחרטא,מכות,
אבי23,פנים,31.0837,33.795531,גםחרטא,מכות,290
פיל23,חדק,30.0727,32.785241,לוד,לום,
צב23,שיריון,30.0757,32.780241,אספרסו,מקלדת,65
צב23,ראש,30.0837,32.795531,אספרסו,מקלדת,160
קפה23,ספל,29.0727,36.785241,וואו,משהו כבד,
שלומציון23,מלמטה,29.0757,36.780241,קרן אור,כוסות פלסטיק,127
שלומציון23,מלמעלה,29.0837,36.795531,קרן אור,כוסות פלסטיק,
ליצן23,מלמעלה,38.0837,35.795531,ניו יורק,מקרויאל,330
דג24,סנפיר,32.0727,34.785241,פצוץ,חצים,
דג24,ראש,32.0757,34.780241,פצוץ,חצים,12
קרנף24,רגל,32.0837,34.795531,קמעה,אקדח,
קרטל24,סם,31.0727,33.785241,חרטא,כימי,46
אבי24,יד,31.0757,33.780241,גםחרטא,מכות,
אבי24,פנים,31.0837,33.795531,גםחרטא,מכות,290
פיל24,חדק,30.0727,32.785241,לוד,לום,
צב24,שיריון,30.0757,32.780241,אספרסו,מקלדת,65
צב24,ראש,30.0837,32.795531,אספרסו,מקלדת,160
קפה24,ספל,29.0727,36.785241,וואו,משהו כבד,
שלומציון24,מלמטה,29.0757,36.780241,קרן אור,כוסות פלסטיק,127
שלומציון24,מלמעלה,29.0837,36.795531,קרן אור,כוסות פלסטיק,
ליצן24,מלמעלה,38.0837,35.795531,ניו יורק,מקרויאל,330
דג25,סנפיר,32.0727,34.785241,פצוץ,חצים,
דג25,ראש,32.0757,34.780241,פצוץ,חצים,12
קרנף25,רגל,32.0837,34.795531,קמעה,אקדח,
קרטל25,סם,31.0727,33.785241,חרטא,כימי,46
אבי25,יד,31.0757,33.780241,גםחרטא,מכות,
אבי25,פנים,31.0837,33.795531,גםחרטא,מכות,290
פיל25,חדק,30.0727,32.785241,לוד,לום,
צב25,שיריון,30.0757,32.780241,אספרסו,מקלדת,65
צב25,ראש,30.0837,32.795531,אספרסו,מקלדת,160
קפה25,ספל,29.0727,36.785241,וואו,משהו כבד,
שלומציון25,מלמטה,29.0757,36.780241,קרן אור,כוסות פלסטיק,127
שלומציון25,מלמעלה,29.0837,36.795531,קרן אור,כוסות פלסטיק,
ליצן25,מלמעלה,38.0837,35.795531,ניו יורק,מקרויאל,330
דג26,סנפיר,32.0727,34.785241,פצוץ,חצים,
דג26,ראש,32.0757,34.780241,פצוץ,חצים,12
קרנף26,רגל,32.0837,34.795531,קמעה,אקדח,
קרטל26,סם,31.0727,33.785241,חרטא,כימי,46
אבי26,יד,31.0757,33.780241,גםחרטא,מכות,
אבי26,פנים,31.0837,33.795531,גםחרטא,מכות,290
פיל26,חדק,30.0727,32.785241,לוד,לום,
צב26,שיריון,30.0757,32.780241,אספרסו,מקלדת,65
צב26,ראש,30.0837,32.795531,אספרסו,מקלדת,160
קפה26,ספל,29.0727,36.785241,וואו,משהו כבד,
שלומציון26,מלמטה,29.0757,36.780241,קרן אור,כוסות פלסטיק,127
שלומציון26,מלמעלה,29.0837,36.795531,קרן אור,כוסות פלסטיק,
ליצן26,מלמעלה,38.0837,35.795531,ניו יורק,מקרויאל,330
דג27,סנפיר,32.0727,34.785241,פצוץ,חצים,
דג27,ראש,32.0757,34.780241,פצוץ,חצים,12
קרנף27,רגל,32.0837,34.795531,קמעה,אקדח,
קרטל27,סם,31.0727,33.785241,חרטא,כימי,46
אבי27,יד,31.0757,33.780241,גםחרטא,מכות,
אבי27,פנים,31.0837,33.795531,גםחרטא,מכות,290
פיל27,חדק,30.0727,32.785241,לוד,לום,
צב27,שיריון,30.0757,32.780241,אספרסו,מקלדת,65
צב27,ראש,30.0837,32.795531,אספרסו,מקלדת,160
קפה27,ספל,29.0727,36.785241,וואו,משהו כבד,
שלומציון27,מלמטה,29.0757,36.780241,קרן אור,כוסות פלסטיק,127
שלומציון27,מלמעלה,29.0837,36.795531,קרן אור,כוסות פלסטיק,
ליצן27,מלמעלה,38.0837,35.795531,ניו יורק,מקרויאל,330
דג28,סנפיר,32.0727,34.785241,פצוץ,חצים,
דג28,ראש,32.0757,34.780241,פצוץ,חצים,12
קרנף28,רגל,32.0837,34.795531,קמעה,אקדח,
קרטל28,סם,31.0727,33.785241,חרטא,כימי,46
אבי28,יד,31.0757,33.780241,גםחרטא,מכות,
אבי28,פנים,31.0837,33.795531,גםחרטא,מכות,290
פיל28,חדק,30.0727,32.785241,לוד,לום,
צב28,שיריון,30.0757,32.780241,אספרסו,מקלדת,65
צב28,ראש,30.0837,32.795531,אספרסו,מקלדת,160
קפה28,ספל,29.0727,36.785241,וואו,משהו כבד,
שלומציון28,מלמטה,29.0757,36.780241,קרן אור,כוסות פלסטיק,127
שלומציון28,מלמעלה,29.0837,36.795531,קרן אור,כוסות פלסטיק,
ליצן28,מלמעלה,38.0837,35.795531,ניו יורק,מקרויאל,330
דג29,סנפיר,32.0727,34.785241,פצוץ,חצים,
דג29,ראש,32.0757,34.780241,פצוץ,חצים,12
קרנף29,רגל,32.0837,34.795531,קמעה,אקדח,
קרטל29,סם,31.0727,33.785241,חרטא,כימי,46
אבי29,יד,31.0757,33.780241,גםחרטא,מכות,
אבי29,פנים,31.0837,33.795531,גםחרטא,מכות,290
פיל29,חדק,30.0727,32.785241,לוד,לום,
צב29,שיריון,30.0757,32.780241,אספרסו,מקלדת,65
צב29,ראש,30.0837,32.795531,אספרסו,מקלדת,160
קפה29,ספל,29.0727,36.785241,וואו,משהו כבד,
שלומציון29,מלמטה,29.0757,36.780241,קרן אור,כוסות פלסטיק,127
שלומציון29,מלמעלה,29.0837,36.795531,קרן אור,כוסות פלסטיק,
ליצן29,מלמעלה,38.0837,35.795531,ניו יורק,מקרויאל,330
דג30,סנפיר,32.0727,34.785241,פצוץ,חצים,
דג30,ראש,32.0757,34.780241,פצוץ,חצים,12
קרנף30,רגל,32.0837,34.795531,קמעה,אקדח,
קרטל30,סם,31.0727,33.785241,חרטא,כימי,46
אבי30,יד,31.0757,33.780241,גםחרטא,מכות,
אבי30,פנים,31.0837,33.795531,גםחרטא,מכות,290
פיל30,חדק,30.0727,32.785241,לוד,לום,
צב30,שיריון,30.0757,32.780241,אספרסו,מקלדת,65
צב30,ראש,30.0837,32.795531,אספרסו,מקלדת,160
קפה30,ספל,29.0727,36.785241,וואו,משהו כבד,
שלומציון30,מלמטה,29.0757,36.780241,קרן אור,כוסות פלסטיק,127
שלומציון30,מלמעלה,29.0837,36.795531,קרן אור,כוסות פלסטיק,
ליצן30,מלמעלה,38.0837,35.795531,ניו יורק,מקרויאל,330
דג31,סנפיר,32.0727,34.785241,פצוץ,חצים,
דג31,ראש,32.0757,34.780241,פצוץ,חצים,12
קרנף31,רגל,32.0837,34.795531,קמעה,אקדח,
קרטל31,סם,31.0727,33.785241,חרטא,כימי,46
אבי31,יד,31.0757,33.780241,גםחרטא,מכות,
אבי31,פנים,31.0837,33.795531,גםחרטא,מכות,290
פיל31,חדק,30.0727,32.785241,לוד,לום,
צב31,שיריון,30.0757,32.780241,אספרסו,מקלדת,65
צב31,ראש,30.0837,32.795531,אספרסו,מקלדת,160
קפה31,ספל,29.0727,36.785241,וואו,משהו כבד,
שלומציון31,מלמטה,29.0757,36.780241,קרן אור,כוסות פלסטיק,127
שלומציון31,מלמעלה,29.0837,36.795531,קרן אור,כוסות פלסטיק,
ליצן31,מלמעלה,38.0837,35.795531,ניו יורק,מקרויאל,330
דג11,סנפיר,32.0727,34.785241,פצוץ,חצים,
דג11,ראש,32.0757,34.780241,פצוץ,חצים,12
קרנף11,רגל,32.0837,34.795531,קמעה,אקדח,
קרטל11,סם,31.0727,33.785241,חרטא,כימי,46
אבי11,יד,31.0757,33.780241,גםחרטא,מכות,
אבי11,פנים,31.0837,33.795531,גםחרטא,מכות,290
פיל11,חדק,30.0727,32.785241,לוד,לום,
צב11,שיריון,30.0757,32.780241,אספרסו,מקלדת,65
צב11,ראש,30.0837,32.795531,אספרסו,מקלדת,160
קפה11,ספל,29.0727,36.785241,וואו,משהו כבד,
שלומציון11,מלמטה,29.0757,36.780241,קרן אור,כוסות פלסטיק,127
שלומציון11,מלמעלה,29.0837,36.795531,קרן אור,כוסות פלסטיק,
ליצן11,מלמעלה,38.0837,35.795531,ניו יורק,מקרויאל,330
דג22,סנפיר,32.0727,34.785241,פצוץ,חצים,
דג22,ראש,32.0757,34.780241,פצוץ,חצים,12
קרנף22,רגל,32.0837,34.795531,קמעה,אקדח,
קרטל22,סם,31.0727,33.785241,חרטא,כימי,46
אבי22,יד,31.0757,33.780241,גםחרטא,מכות,
אבי22,פנים,31.0837,33.795531,גםחרטא,מכות,290
פיל22,חדק,30.0727,32.785241,לוד,לום,
צב22,שיריון,30.0757,32.780241,אספרסו,מקלדת,65
צב22,ראש,30.0837,32.795531,אספרסו,מקלדת,160
קפה22,ספל,29.0727,36.785241,וואו,משהו כבד,
שלומציון22,מלמטה,29.0757,36.780241,קרן אור,כוסות פלסטיק,127
שלומציון22,מלמעלה,29.0837,36.795531,קרן אור,כוסות פלסטיק,
ליצן22,מלמעלה,38.0837,35.795531,ניו יורק,מקרויאל,330
דג33,סנפיר,32.0727,34.785241,פצוץ,חצים,
דג33,ראש,32.0757,34.780241,פצוץ,חצים,12
קרנף33,רגל,32.0837,34.795531,קמעה,אקדח,
קרטל33,סם,31.0727,33.785241,חרטא,כימי,46
אבי33,יד,31.0757,33.780241,גםחרטא,מכות,
אבי33,פנים,31.0837,33.795531,גםחרטא,מכות,290
פיל33,חדק,30.0727,32.785241,לוד,לום,
צב33,שיריון,30.0757,32.780241,אספרסו,מקלדת,65
צב33,ראש,30.0837,32.795531,אספרסו,מקלדת,160
קפה33,ספל,29.0727,36.785241,וואו,משהו כבד,
שלומציון33,מלמטה,29.0757,36.780241,קרן אור,כוסות פלסטיק,127
שלומציון33,מלמעלה,29.0837,36.795531,קרן אור,כוסות פלסטיק,
ליצן33,מלמעלה,38.0837,35.795531,ניו יורק,מקרויאל,330
דג44,סנפיר,32.0727,34.785241,פצוץ,חצים,
דג44,ראש,32.0757,34.780241,פצוץ,חצים,12
קרנף44,רגל,32.0837,34.795531,קמעה,אקדח,
קרטל44,סם,31.0727,33.785241,חרטא,כימי,46
אבי44,יד,31.0757,33.780241,גםחרטא,מכות,
אבי44,פנים,31.0837,33.795531,גםחרטא,מכות,290
פיל44,חדק,30.0727,32.785241,לוד,לום,
צב44,שיריון,30.0757,32.780241,אספרסו,מקלדת,65
צב44,ראש,30.0837,32.795531,אספרסו,מקלדת,160
קפה44,ספל,29.0727,36.785241,וואו,משהו כבד,
שלומציון44,מלמטה,29.0757,36.780241,קרן אור,כוסות פלסטיק,127
שלומציון44,מלמעלה,29.0837,36.795531,קרן אור,כוסות פלסטיק,
ליצן44,מלמעלה,38.0837,35.795531,ניו יורק,מקרויאל,330
דג55,סנפיר,32.0727,34.785241,פצוץ,חצים,
דג55,ראש,32.0757,34.780241,פצוץ,חצים,12
קרנף55,רגל,32.0837,34.795531,קמעה,אקדח,
קרטל55,סם,31.0727,33.785241,חרטא,כימי,46
אבי55,יד,31.0757,33.780241,גםחרטא,מכות,
אבי55,פנים,31.0837,33.795531,גםחרטא,מכות,290
פיל55,חדק,30.0727,32.785241,לוד,לום,
צב55,שיריון,30.0757,32.780241,אספרסו,מקלדת,65
צב55,ראש,30.0837,32.795531,אספרסו,מקלדת,160
קפה55,ספל,29.0727,36.785241,וואו,משהו כבד,
שלומציון55,מלמטה,29.0757,36.780241,קרן אור,כוסות פלסטיק,127
שלומציון55,מלמעלה,29.0837,36.795531,קרן אור,כוסות פלסטיק,
ליצן55,מלמעלה,38.0837,35.795531,ניו יורק,מקרויאל,330
דג66,סנפיר,32.0727,34.785241,פצוץ,חצים,
דג66,ראש,32.0757,34.780241,פצוץ,חצים,12
קרנף66,רגל,32.0837,34.795531,קמעה,אקדח,
קרטל66,סם,31.0727,33.785241,חרטא,כימי,46
אבי66,יד,31.0757,33.780241,גםחרטא,מכות,
אבי66,פנים,31.0837,33.795531,גםחרטא,מכות,290
פיל66,חדק,30.0727,32.785241,לוד,לום,
צב66,שיריון,30.0757,32.780241,אספרסו,מקלדת,65
צב66,ראש,30.0837,32.795531,אספרסו,מקלדת,160
קפה66,ספל,29.0727,36.785241,וואו,משהו כבד,
שלומציון66,מלמטה,29.0757,36.780241,קרן אור,כוסות פלסטיק,127
שלומציון66,מלמעלה,29.0837,36.795531,קרן אור,כוסות פלסטיק,
ליצן66,מלמעלה,38.0837,35.795531,ניו יורק,מקרויאל,330
דג77,סנפיר,32.0727,34.785241,פצוץ,חצים,
דג77,ראש,32.0757,34.780241,פצוץ,חצים,12
קרנף77,רגל,32.0837,34.795531,קמעה,אקדח,
קרטל77,סם,31.0727,33.785241,חרטא,כימי,46
אבי77,יד,31.0757,33.780241,גםחרטא,מכות,
אבי77,פנים,31.0837,33.795531,גםחרטא,מכות,290
פיל77,חדק,30.0727,32.785241,לוד,לום,
צב77,שיריון,30.0757,32.780241,אספרסו,מקלדת,65
צב77,ראש,30.0837,32.795531,אספרסו,מקלדת,160
קפה77,ספל,29.0727,36.785241,וואו,משהו כבד,
שלומציון77,מלמטה,29.0757,36.780241,קרן אור,כוסות פלסטיק,127
שלומציון77,מלמעלה,29.0837,36.795531,קרן אור,כוסות פלסטיק,
ליצן77,מלמעלה,38.0837,35.795531,ניו יורק,מקרויאל,330
דג88,סנפיר,32.0727,34.785241,פצוץ,חצים,
דג88,ראש,32.0757,34.780241,פצוץ,חצים,12
קרנף88,רגל,32.0837,34.795531,קמעה,אקדח,
קרטל88,סם,31.0727,33.785241,חרטא,כימי,46
אבי88,יד,31.0757,33.780241,גםחרטא,מכות,
אבי88,פנים,31.0837,33.795531,גםחרטא,מכות,290
פיל88,חדק,30.0727,32.785241,לוד,לום,
צב88,שיריון,30.0757,32.780241,אספרסו,מקלדת,65
צב88,ראש,30.0837,32.795531,אספרסו,מקלדת,160
קפה88,ספל,29.0727,36.785241,וואו,משהו כבד,
שלומציון88,מלמטה,29.0757,36.780241,קרן אור,כוסות פלסטיק,127
שלומציון88,מלמעלה,29.0837,36.795531,קרן אור,כוסות פלסטיק,
ליצן88,מלמעלה,38.0837,35.795531,ניו יורק,מקרויאל,330
דג99,סנפיר,32.0727,34.785241,פצוץ,חצים,
דג99,ראש,32.0757,34.780241,פצוץ,חצים,12
קרנף99,רגל,32.0837,34.795531,קמעה,אקדח,
קרטל99,סם,31.0727,33.785241,חרטא,כימי,46
אבי99,יד,31.0757,33.780241,גםחרטא,מכות,
אבי99,פנים,31.0837,33.795531,גםחרטא,מכות,290
פיל99,חדק,30.0727,32.785241,לוד,לום,
צב99,שיריון,30.0757,32.780241,אספרסו,מקלדת,65
צב99,ראש,30.0837,32.795531,אספרסו,מקלדת,160
קפה99,ספל,29.0727,36.785241,וואו,משהו כבד,
שלומציון99,מלמטה,29.0757,36.780241,קרן אור,כוסות פלסטיק,127
שלומציון99,מלמעלה,29.0837,36.795531,קרן אור,כוסות פלסטיק,
ליצן99,מלמעלה,38.0837,35.795531,ניו יורק,מקרויאל,330
דג1010,סנפיר,32.0727,34.785241,פצוץ,חצים,
דג1010,ראש,32.0757,34.780241,פצוץ,חצים,12
קרנף1010,רגל,32.0837,34.795531,קמעה,אקדח,
קרטל1010,סם,31.0727,33.785241,חרטא,כימי,46
אבי1010,יד,31.0757,33.780241,גםחרטא,מכות,
אבי1010,פנים,31.0837,33.795531,גםחרטא,מכות,290
פיל1010,חדק,30.0727,32.785241,לוד,לום,
צב1010,שיריון,30.0757,32.780241,אספרסו,מקלדת,65
צב1010,ראש,30.0837,32.795531,אספרסו,מקלדת,160
קפה1010,ספל,29.0727,36.785241,וואו,משהו כבד,
שלומציון1010,מלמטה,29.0757,36.780241,קרן אור,כוסות פלסטיק,127
שלומציון1010,מלמעלה,29.0837,36.795531,קרן אור,כוסות פלסטיק,
ליצן1010,מלמעלה,38.0837,35.795531,ניו יורק,מקרויאל,330
דג1111,סנפיר,32.0727,34.785241,פצוץ,חצים,
דג1111,ראש,32.0757,34.780241,פצוץ,חצים,12
קרנף1111,רגל,32.0837,34.795531,קמעה,אקדח,
קרטל1111,סם,31.0727,33.785241,חרטא,כימי,46
אבי1111,יד,31.0757,33.780241,גםחרטא,מכות,
אבי1111,פנים,31.0837,33.795531,גםחרטא,מכות,290
פיל1111,חדק,30.0727,32.785241,לוד,לום,
צב1111,שיריון,30.0757,32.780241,אספרסו,מקלדת,65
צב1111,ראש,30.0837,32.795531,אספרסו,מקלדת,160
קפה1111,ספל,29.0727,36.785241,וואו,משהו כבד,
שלומציון1111,מלמטה,29.0757,36.780241,קרן אור,כוסות פלסטיק,127
שלומציון1111,מלמעלה,29.0837,36.795531,קרן אור,כוסות פלסטיק,
ליצן1111,מלמעלה,38.0837,35.795531,ניו יורק,מקרויאל,330
דג1212,סנפיר,32.0727,34.785241,פצוץ,חצים,
דג1212,ראש,32.0757,34.780241,פצוץ,חצים,12
קרנף1212,רגל,32.0837,34.795531,קמעה,אקדח,
קרטל1212,סם,31.0727,33.785241,חרטא,כימי,46
אבי1212,יד,31.0757,33.780241,גםחרטא,מכות,
אבי1212,פנים,31.0837,33.795531,גםחרטא,מכות,290
פיל1212,חדק,30.0727,32.785241,לוד,לום,
צב1212,שיריון,30.0757,32.780241,אספרסו,מקלדת,65
צב1212,ראש,30.0837,32.795531,אספרסו,מקלדת,160
קפה1212,ספל,29.0727,36.785241,וואו,משהו כבד,
שלומציון1212,מלמטה,29.0757,36.780241,קרן אור,כוסות פלסטיק,127
שלומציון1212,מלמעלה,29.0837,36.795531,קרן אור,כוסות פלסטיק,
ליצן1212,מלמעלה,38.0837,35.795531,ניו יורק,מקרויאל,330
דג1313,סנפיר,32.0727,34.785241,פצוץ,חצים,
דג1313,ראש,32.0757,34.780241,פצוץ,חצים,12
קרנף1313,רגל,32.0837,34.795531,קמעה,אקדח,
קרטל1313,סם,31.0727,33.785241,חרטא,כימי,46
אבי1313,יד,31.0757,33.780241,גםחרטא,מכות,
אבי1313,פנים,31.0837,33.795531,גםחרטא,מכות,290
פיל1313,חדק,30.0727,32.785241,לוד,לום,
צב1313,שיריון,30.0757,32.780241,אספרסו,מקלדת,65
צב1313,ראש,30.0837,32.795531,אספרסו,מקלדת,160
קפה1313,ספל,29.0727,36.785241,וואו,משהו כבד,
שלומציון1313,מלמטה,29.0757,36.780241,קרן אור,כוסות פלסטיק,127
שלומציון1313,מלמעלה,29.0837,36.795531,קרן אור,כוסות פלסטיק,
ליצן1313,מלמעלה,38.0837,35.795531,ניו יורק,מקרויאל,330
דג1414,סנפיר,32.0727,34.785241,פצוץ,חצים,
דג1414,ראש,32.0757,34.780241,פצוץ,חצים,12
קרנף1414,רגל,32.0837,34.795531,קמעה,אקדח,
קרטל1414,סם,31.0727,33.785241,חרטא,כימי,46
אבי1414,יד,31.0757,33.780241,גםחרטא,מכות,
אבי1414,פנים,31.0837,33.795531,גםחרטא,מכות,290
פיל1414,חדק,30.0727,32.785241,לוד,לום,
צב1414,שיריון,30.0757,32.780241,אספרסו,מקלדת,65
צב1414,ראש,30.0837,32.795531,אספרסו,מקלדת,160
קפה1414,ספל,29.0727,36.785241,וואו,משהו כבד,
שלומציון1414,מלמטה,29.0757,36.780241,קרן אור,כוסות פלסטיק,127
שלומציון1414,מלמעלה,29.0837,36.795531,קרן אור,כוסות פלסטיק,
ליצן1414,מלמעלה,38.0837,35.795531,ניו יורק,מקרויאל,330
דג1515,סנפיר,32.0727,34.785241,פצוץ,חצים,
דג1515,ראש,32.0757,34.780241,פצוץ,חצים,12
קרנף1515,רגל,32.0837,34.795531,קמעה,אקדח,
קרטל1515,סם,31.0727,33.785241,חרטא,כימי,46
אבי1515,יד,31.0757,33.780241,גםחרטא,מכות,
אבי1515,פנים,31.0837,33.795531,גםחרטא,מכות,290
פיל1515,חדק,30.0727,32.785241,לוד,לום,
צב1515,שיריון,30.0757,32.780241,אספרסו,מקלדת,65
צב1515,ראש,30.0837,32.795531,אספרסו,מקלדת,160
קפה1515,ספל,29.0727,36.785241,וואו,משהו כבד,
שלומציון1515,מלמטה,29.0757,36.780241,קרן אור,כוסות פלסטיק,127
שלומציון1515,מלמעלה,29.0837,36.795531,קרן אור,כוסות פלסטיק,
ליצן1515,מלמעלה,38.0837,35.795531,ניו יורק,מקרויאל,330
דג1616,סנפיר,32.0727,34.785241,פצוץ,חצים,
דג1616,ראש,32.0757,34.780241,פצוץ,חצים,12
קרנף1616,רגל,32.0837,34.795531,קמעה,אקדח,
קרטל1616,סם,31.0727,33.785241,חרטא,כימי,46
אבי1616,יד,31.0757,33.780241,גםחרטא,מכות,
אבי1616,פנים,31.0837,33.795531,גםחרטא,מכות,290
פיל1616,חדק,30.0727,32.785241,לוד,לום,
צב1616,שיריון,30.0757,32.780241,אספרסו,מקלדת,65
צב1616,ראש,30.0837,32.795531,אספרסו,מקלדת,160
קפה1616,ספל,29.0727,36.785241,וואו,משהו כבד,
שלומציון1616,מלמטה,29.0757,36.780241,קרן אור,כוסות פלסטיק,127
שלומציון1616,מלמעלה,29.0837,36.795531,קרן אור,כוסות פלסטיק,
ליצן1616,מלמעלה,38.0837,35.795531,ניו יורק,מקרויאל,330
דג1717,סנפיר,32.0727,34.785241,פצוץ,חצים,
דג1717,ראש,32.0757,34.780241,פצוץ,חצים,12
קרנף1717,רגל,32.0837,34.795531,קמעה,אקדח,
קרטל1717,סם,31.0727,33.785241,חרטא,כימי,46
אבי1717,יד,31.0757,33.780241,גםחרטא,מכות,
אבי1717,פנים,31.0837,33.795531,גםחרטא,מכות,290
פיל1717,חדק,30.0727,32.785241,לוד,לום,
צב1717,שיריון,30.0757,32.780241,אספרסו,מקלדת,65
צב1717,ראש,30.0837,32.795531,אספרסו,מקלדת,160
קפה1717,ספל,29.0727,36.785241,וואו,משהו כבד,
שלומציון1717,מלמטה,29.0757,36.780241,קרן אור,כוסות פלסטיק,127
שלומציון1717,מלמעלה,29.0837,36.795531,קרן אור,כוסות פלסטיק,
ליצן1717,מלמעלה,38.0837,35.795531,ניו יורק,מקרויאל,330
דג1818,סנפיר,32.0727,34.785241,פצוץ,חצים,
דג1818,ראש,32.0757,34.780241,פצוץ,חצים,12
קרנף1818,רגל,32.0837,34.795531,קמעה,אקדח,
קרטל1818,סם,31.0727,33.785241,חרטא,כימי,46
אבי1818,יד,31.0757,33.780241,גםחרטא,מכות,
אבי1818,פנים,31.0837,33.795531,גםחרטא,מכות,290
פיל1818,חדק,30.0727,32.785241,לוד,לום,
צב1818,שיריון,30.0757,32.780241,אספרסו,מקלדת,65
צב1818,ראש,30.0837,32.795531,אספרסו,מקלדת,160
קפה1818,ספל,29.0727,36.785241,וואו,משהו כבד,
שלומציון1818,מלמטה,29.0757,36.780241,קרן אור,כוסות פלסטיק,127
שלומציון1818,מלמעלה,29.0837,36.795531,קרן אור,כוסות פלסטיק,
ליצן1818,מלמעלה,38.0837,35.795531,ניו יורק,מקרויאל,330
דג1919,סנפיר,32.0727,34.785241,פצוץ,חצים,
דג1919,ראש,32.0757,34.780241,פצוץ,חצים,12
קרנף1919,רגל,32.0837,34.795531,קמעה,אקדח,
קרטל1919,סם,31.0727,33.785241,חרטא,כימי,46
אבי1919,יד,31.0757,33.780241,גםחרטא,מכות,
אבי1919,פנים,31.0837,33.795531,גםחרטא,מכות,290
פיל1919,חדק,30.0727,32.785241,לוד,לום,
צב1919,שיריון,30.0757,32.780241,אספרסו,מקלדת,65
צב1919,ראש,30.0837,32.795531,אספרסו,מקלדת,160
קפה1919,ספל,29.0727,36.785241,וואו,משהו כבד,
שלומציון1919,מלמטה,29.0757,36.780241,קרן אור,כוסות פלסטיק,127
שלומציון1919,מלמעלה,29.0837,36.795531,קרן אור,כוסות פלסטיק,
ליצן1919,מלמעלה,38.0837,35.795531,ניו יורק,מקרויאל,330
דג1919,סנפיר,32.0727,34.785241,פצוץ,חצים,
דג1919,ראש,32.0757,34.780241,פצוץ,חצים,12
קרנף1919,רגל,32.0837,34.795531,קמעה,אקדח,
קרטל1919,סם,31.0727,33.785241,חרטא,כימי,46
אבי1919,יד,31.0757,33.780241,גםחרטא,מכות,
אבי1919,פנים,31.0837,33.795531,גםחרטא,מכות,290
פיל1919,חדק,30.0727,32.785241,לוד,לום,
צב1919,שיריון,30.0757,32.780241,אספרסו,מקלדת,65
צב1919,ראש,30.0837,32.795531,אספרסו,מקלדת,160
קפה1919,ספל,29.0727,36.785241,וואו,משהו כבד,
שלומציון1919,מלמטה,29.0757,36.780241,קרן אור,כוסות פלסטיק,127
שלומציון1919,מלמעלה,29.0837,36.795531,קרן אור,כוסות פלסטיק,
ליצן1919,מלמעלה,38.0837,35.795531,ניו יורק,מקרויאל,330
דג2020,סנפיר,32.0727,34.785241,פצוץ,חצים,
דג2020,ראש,32.0757,34.780241,פצוץ,חצים,12
קרנף2020,רגל,32.0837,34.795531,קמעה,אקדח,
קרטל2020,סם,31.0727,33.785241,חרטא,כימי,46
אבי2020,יד,31.0757,33.780241,גםחרטא,מכות,
אבי2020,פנים,31.0837,33.795531,גםחרטא,מכות,290
פיל2020,חדק,30.0727,32.785241,לוד,לום,
צב2020,שיריון,30.0757,32.780241,אספרסו,מקלדת,65
צב2020,ראש,30.0837,32.795531,אספרסו,מקלדת,160
קפה2020,ספל,29.0727,36.785241,וואו,משהו כבד,
שלומציון2020,מלמטה,29.0757,36.780241,קרן אור,כוסות פלסטיק,127
שלומציון2020,מלמעלה,29.0837,36.795531,קרן אור,כוסות פלסטיק,
ליצן2020,מלמעלה,38.0837,35.795531,ניו יורק,מקרויאל,330
דג2121,סנפיר,32.0727,34.785241,פצוץ,חצים,
דג2121,ראש,32.0757,34.780241,פצוץ,חצים,12
קרנף2121,רגל,32.0837,34.795531,קמעה,אקדח,
קרטל2121,סם,31.0727,33.785241,חרטא,כימי,46
אבי2121,יד,31.0757,33.780241,גםחרטא,מכות,
אבי2121,פנים,31.0837,33.795531,גםחרטא,מכות,290
פיל2121,חדק,30.0727,32.785241,לוד,לום,
צב2121,שיריון,30.0757,32.780241,אספרסו,מקלדת,65
צב2121,ראש,30.0837,32.795531,אספרסו,מקלדת,160
קפה2121,ספל,29.0727,36.785241,וואו,משהו כבד,
שלומציון2121,מלמטה,29.0757,36.780241,קרן אור,כוסות פלסטיק,127
שלומציון2121,מלמעלה,29.0837,36.795531,קרן אור,כוסות פלסטיק,
ליצן2121,מלמעלה,38.0837,35.795531,ניו יורק,מקרויאל,330
דג2222,סנפיר,32.0727,34.785241,פצוץ,חצים,
דג2222,ראש,32.0757,34.780241,פצוץ,חצים,12
קרנף2222,רגל,32.0837,34.795531,קמעה,אקדח,
קרטל2222,סם,31.0727,33.785241,חרטא,כימי,46
אבי2222,יד,31.0757,33.780241,גםחרטא,מכות,
אבי2222,פנים,31.0837,33.795531,גםחרטא,מכות,290
פיל2222,חדק,30.0727,32.785241,לוד,לום,
צב2222,שיריון,30.0757,32.780241,אספרסו,מקלדת,65
צב2222,ראש,30.0837,32.795531,אספרסו,מקלדת,160
קפה2222,ספל,29.0727,36.785241,וואו,משהו כבד,
שלומציון2222,מלמטה,29.0757,36.780241,קרן אור,כוסות פלסטיק,127
שלומציון2222,מלמעלה,29.0837,36.795531,קרן אור,כוסות פלסטיק,
ליצן2222,מלמעלה,38.0837,35.795531,ניו יורק,מקרויאל,330
דג2323,סנפיר,32.0727,34.785241,פצוץ,חצים,
דג2323,ראש,32.0757,34.780241,פצוץ,חצים,12
קרנף2323,רגל,32.0837,34.795531,קמעה,אקדח,
קרטל2323,סם,31.0727,33.785241,חרטא,כימי,46
אבי2323,יד,31.0757,33.780241,גםחרטא,מכות,
אבי2323,פנים,31.0837,33.795531,גםחרטא,מכות,290
פיל2323,חדק,30.0727,32.785241,לוד,לום,
צב2323,שיריון,30.0757,32.780241,אספרסו,מקלדת,65
צב2323,ראש,30.0837,32.795531,אספרסו,מקלדת,160
קפה2323,ספל,29.0727,36.785241,וואו,משהו כבד,
שלומציון2323,מלמטה,29.0757,36.780241,קרן אור,כוסות פלסטיק,127
שלומציון2323,מלמעלה,29.0837,36.795531,קרן אור,כוסות פלסטיק,
ליצן2323,מלמעלה,38.0837,35.795531,ניו יורק,מקרויאל,330
דג2424,סנפיר,32.0727,34.785241,פצוץ,חצים,
דג2424,ראש,32.0757,34.780241,פצוץ,חצים,12
קרנף2424,רגל,32.0837,34.795531,קמעה,אקדח,
קרטל2424,סם,31.0727,33.785241,חרטא,כימי,46
אבי2424,יד,31.0757,33.780241,גםחרטא,מכות,
אבי2424,פנים,31.0837,33.795531,גםחרטא,מכות,290
פיל2424,חדק,30.0727,32.785241,לוד,לום,
צב2424,שיריון,30.0757,32.780241,אספרסו,מקלדת,65
צב2424,ראש,30.0837,32.795531,אספרסו,מקלדת,160
קפה2424,ספל,29.0727,36.785241,וואו,משהו כבד,
שלומציון2424,מלמטה,29.0757,36.780241,קרן אור,כוסות פלסטיק,127
שלומציון2424,מלמעלה,29.0837,36.795531,קרן אור,כוסות פלסטיק,
ליצן2424,מלמעלה,38.0837,35.795531,ניו יורק,מקרויאל,330
דג2525,סנפיר,32.0727,34.785241,פצוץ,חצים,
דג2525,ראש,32.0757,34.780241,פצוץ,חצים,12
קרנף2525,רגל,32.0837,34.795531,קמעה,אקדח,
קרטל2525,סם,31.0727,33.785241,חרטא,כימי,46
אבי2525,יד,31.0757,33.780241,גםחרטא,מכות,
אבי2525,פנים,31.0837,33.795531,גםחרטא,מכות,290
פיל2525,חדק,30.0727,32.785241,לוד,לום,
צב2525,שיריון,30.0757,32.780241,אספרסו,מקלדת,65
צב2525,ראש,30.0837,32.795531,אספרסו,מקלדת,160
קפה2525,ספל,29.0727,36.785241,וואו,משהו כבד,
שלומציון2525,מלמטה,29.0757,36.780241,קרן אור,כוסות פלסטיק,127
שלומציון2525,מלמעלה,29.0837,36.795531,קרן אור,כוסות פלסטיק,
ליצן2525,מלמעלה,38.0837,35.795531,ניו יורק,מקרויאל,330
דג2626,סנפיר,32.0727,34.785241,פצוץ,חצים,
דג2626,ראש,32.0757,34.780241,פצוץ,חצים,12
קרנף2626,רגל,32.0837,34.795531,קמעה,אקדח,
קרטל2626,סם,31.0727,33.785241,חרטא,כימי,46
אבי2626,יד,31.0757,33.780241,גםחרטא,מכות,
אבי2626,פנים,31.0837,33.795531,גםחרטא,מכות,290
פיל2626,חדק,30.0727,32.785241,לוד,לום,
צב2626,שיריון,30.0757,32.780241,אספרסו,מקלדת,65
צב2626,ראש,30.0837,32.795531,אספרסו,מקלדת,160
קפה2626,ספל,29.0727,36.785241,וואו,משהו כבד,
שלומציון2626,מלמטה,29.0757,36.780241,קרן אור,כוסות פלסטיק,127
שלומציון2626,מלמעלה,29.0837,36.795531,קרן אור,כוסות פלסטיק,
ליצן2626,מלמעלה,38.0837,35.795531,ניו יורק,מקרויאל,330
דג2727,סנפיר,32.0727,34.785241,פצוץ,חצים,
דג2727,ראש,32.0757,34.780241,פצוץ,חצים,12
קרנף2727,רגל,32.0837,34.795531,קמעה,אקדח,
קרטל2727,סם,31.0727,33.785241,חרטא,כימי,46
אבי2727,יד,31.0757,33.780241,גםחרטא,מכות,
אבי2727,פנים,31.0837,33.795531,גםחרטא,מכות,290
פיל2727,חדק,30.0727,32.785241,לוד,לום,
צב2727,שיריון,30.0757,32.780241,אספרסו,מקלדת,65
צב2727,ראש,30.0837,32.795531,אספרסו,מקלדת,160
קפה2727,ספל,29.0727,36.785241,וואו,משהו כבד,
שלומציון2727,מלמטה,29.0757,36.780241,קרן אור,כוסות פלסטיק,127
שלומציון2727,מלמעלה,29.0837,36.795531,קרן אור,כוסות פלסטיק,
ליצן2727,מלמעלה,38.0837,35.795531,ניו יורק,מקרויאל,330
דג2828,סנפיר,32.0727,34.785241,פצוץ,חצים,
דג2828,ראש,32.0757,34.780241,פצוץ,חצים,12
קרנף2828,רגל,32.0837,34.795531,קמעה,אקדח,
קרטל2828,סם,31.0727,33.785241,חרטא,כימי,46
אבי2828,יד,31.0757,33.780241,גםחרטא,מכות,
אבי2828,פנים,31.0837,33.795531,גםחרטא,מכות,290
פיל2828,חדק,30.0727,32.785241,לוד,לום,
צב2828,שיריון,30.0757,32.780241,אספרסו,מקלדת,65
צב2828,ראש,30.0837,32.795531,אספרסו,מקלדת,160
קפה2828,ספל,29.0727,36.785241,וואו,משהו כבד,
שלומציון2828,מלמטה,29.0757,36.780241,קרן אור,כוסות פלסטיק,127
שלומציון2828,מלמעלה,29.0837,36.795531,קרן אור,כוסות פלסטיק,
ליצן2828,מלמעלה,38.0837,35.795531,ניו יורק,מקרויאל,330
דג2929,סנפיר,32.0727,34.785241,פצוץ,חצים,
דג2929,ראש,32.0757,34.780241,פצוץ,חצים,12
קרנף2929,רגל,32.0837,34.795531,קמעה,אקדח,
קרטל2929,סם,31.0727,33.785241,חרטא,כימי,46
אבי2929,יד,31.0757,33.780241,גםחרטא,מכות,
אבי2929,פנים,31.0837,33.795531,גםחרטא,מכות,290
פיל2929,חדק,30.0727,32.785241,לוד,לום,
צב2929,שיריון,30.0757,32.780241,אספרסו,מקלדת,65
צב2929,ראש,30.0837,32.795531,אספרסו,מקלדת,160
קפה2929,ספל,29.0727,36.785241,וואו,משהו כבד,
שלומציון2929,מלמטה,29.0757,36.780241,קרן אור,כוסות פלסטיק,127
שלומציון2929,מלמעלה,29.0837,36.795531,קרן אור,כוסות פלסטיק,
ליצן2929,מלמעלה,38.0837,35.795531,ניו יורק,מקרויאל,330
דג3030,סנפיר,32.0727,34.785241,פצוץ,חצים,
דג3030,ראש,32.0757,34.780241,פצוץ,חצים,12
קרנף3030,רגל,32.0837,34.795531,קמעה,אקדח,
קרטל3030,סם,31.0727,33.785241,חרטא,כימי,46
אבי3030,יד,31.0757,33.780241,גםחרטא,מכות,
אבי3030,פנים,31.0837,33.795531,גםחרטא,מכות,290
פיל3030,חדק,30.0727,32.785241,לוד,לום,
צב3030,שיריון,30.0757,32.780241,אספרסו,מקלדת,65
צב3030,ראש,30.0837,32.795531,אספרסו,מקלדת,160
קפה3030,ספל,29.0727,36.785241,וואו,משהו כבד,
שלומציון3030,מלמטה,29.0757,36.780241,קרן אור,כוסות פלסטיק,127
שלומציון3030,מלמעלה,29.0837,36.795531,קרן אור,כוסות פלסטיק,
ליצן3030,מלמעלה,38.0837,35.795531,ניו יורק,מקרויאל,330
דג3131,סנפיר,32.0727,34.785241,פצוץ,חצים,
דג3131,ראש,32.0757,34.780241,פצוץ,חצים,12
קרנף3131,רגל,32.0837,34.795531,קמעה,אקדח,
קרטל3131,סם,31.0727,33.785241,חרטא,כימי,46
אבי3131,יד,31.0757,33.780241,גםחרטא,מכות,
אבי3131,פנים,31.0837,33.795531,גםחרטא,מכות,290
פיל3131,חדק,30.0727,32.785241,לוד,לום,
צב3131,שיריון,30.0757,32.780241,אספרסו,מקלדת,65
צב3131,ראש,30.0837,32.795531,אספרסו,מקלדת,160
קפה3131,ספל,29.0727,36.785241,וואו,משהו כבד,
שלומציון3131,מלמטה,29.0757,36.780241,קרן אור,כוסות פלסטיק,127
שלומציון3131,מלמעלה,29.0837,36.795531,קרן אור,כוסות פלסטיק,
ליצן3131,מלמעלה,38.0837,35.795531,ניו יורק,מקרויאל,330
